epoch,lr-Adam,step,train_loss,val_loss
,0.00400461481818476,9,,
0,,9,0.6333479881286621,
,0.004020566136879497,19,,
0,,19,0.5430298447608948,
,0.004047907143416157,29,,
0,,29,0.47001218795776367,
,0.0040866313473986865,39,,
0,,39,0.4115237891674042,
,0.00413672955620932,49,,
0,,49,0.3622239828109741,
,0.004198189877190853,59,,
0,,59,0.3220791816711426,
,0.0042709977204697935,69,,
0,,69,0.2861909866333008,
,0.004355135802419807,79,,
0,,79,0.25398483872413635,
,0.004450584149764569,89,,
0,,89,0.2124696522951126,
,0.004557320104319237,99,,
0,,99,0.18390671908855438,
,0.004675318328369191,109,,
0,,109,0.15784917771816254,
,0.004804550810684816,119,,
0,,119,0.1357717216014862,
,0.004944986873171062,129,,
0,,129,0.1246972605586052,
0,,135,,0.11721199005842209
,0.005096593178150005,139,,
1,,139,0.1048009842634201,
,0.005259333736274754,149,,
1,,149,0.0913488119840622,
,0.00543316991507288,159,,
1,,159,0.08007003366947174,
,0.005618060448117218,169,,
1,,169,0.0680471733212471,
,0.005813961444822047,179,,
1,,179,0.0636632889509201,
,0.006020826400862017,189,,
1,,189,0.06092420592904091,
,0.006238606209211822,199,,
1,,199,0.05291298031806946,
,0.006467249171803427,209,,
1,,209,0.04821344092488289,
,0.0067067010117985715,219,,
1,,219,0.039001159369945526,
,0.0069569048864733946,229,,
1,,229,0.04020677134394646,
,0.007217801400712126,239,,
1,,239,0.041091546416282654,
,0.007489328621106656,249,,
1,,249,0.031490400433540344,
,0.007771422090658869,259,,
1,,259,0.025797538459300995,
,0.008064014844081688,269,,
1,,269,0.025927811861038208,
1,,271,,0.043777257204055786
,0.008367037423695906,279,,
2,,279,0.026426026597619057,
,0.008680417895918474,289,,
2,,289,0.027109986171126366,
,0.009004081868338579,299,,
2,,299,0.029377402737736702,
,0.009337952507377428,309,,
2,,309,0.021382808685302734,
,0.009681950556527583,319,,
2,,319,0.026263263076543808,
,0.010035994355167305,329,,
2,,329,0.014233289286494255,
,0.010399999857945846,339,,
2,,339,0.02248941920697689,
,0.010773880654734627,349,,
2,,349,0.022113274782896042,
,0.011157547991139868,359,,
2,,359,0.018278097733855247,
,0.011550910789571767,369,,
2,,369,0.022881366312503815,
,0.011953875670865102,379,,
2,,379,0.012175394222140312,
,0.01236634697644616,389,,
2,,389,0.017995795235037804,
,0.012788226791040955,399,,
2,,399,0.01753748022019863,
2,,407,,0.03785036504268646
,0.013219414965918885,409,,
3,,409,0.013212143443524837,
,0.013659809142666818,419,,
3,,419,0.011301025748252869,
,0.014109304777487647,429,,
3,,429,0.012082641012966633,
,0.014567795166017528,439,,
3,,439,0.017570849508047104,
,0.015035171468656156,449,,
3,,449,0.009609396569430828,
,0.015511322736403904,459,,
3,,459,0.016885165125131607,
,0.015996135937199507,469,,
3,,469,0.013547496870160103,
,0.016489495982752594,479,,
3,,479,0.014599359594285488,
,0.01699128575586395,489,,
3,,489,0.010455221869051456,
,0.01750138613822773,499,,
3,,499,0.0063466778956353664,
,0.018019676038708507,509,,
3,,509,0.0174710750579834,
,0.01854603242208676,519,,
3,,519,0.012220734730362892,
,0.01908033033826577,529,,
3,,529,0.0166427344083786,
,0.01962244295193326,539,,
3,,539,0.014008894562721252,
3,,543,,0.035507552325725555
,0.02017224157267021,549,,
4,,549,0.011446802876889706,
,0.020729595685500535,559,,
4,,559,0.013022448867559433,
,0.021294372981873394,569,,
4,,569,0.014178914949297905,
,0.02186643939107165,579,,
4,,579,0.016033591702580452,
,0.022445659112038496,589,,
4,,589,0.014988786540925503,
,0.023031894645614726,599,,
4,,599,0.009859582409262657,
,0.023625006827179343,609,,
4,,609,0.013013801537454128,
,0.024224854859685382,619,,
4,,619,0.015927735716104507,
,0.024831296347083254,629,,
4,,629,0.016252795234322548,
,0.02544418732812377,639,,
4,,639,0.011251048184931278,
,0.026063382310532554,649,,
4,,649,0.0046920860186219215,
,0.02668873430554805,659,,
4,,659,0.02158988080918789,
,0.027320094862814767,669,,
4,,669,0.010911627672612667,
,0.027957314105623354,679,,
4,,679,0.021478913724422455,
4,,679,,0.03789021074771881
,0.02860024076648944,689,,
5,,689,0.006668608170002699,
,0.029248722223062518,699,,
5,,699,0.00635423744097352,
,0.02990260453435646,709,,
5,,709,0.006860931403934956,
,0.03056173247729317,719,,
5,,719,0.013123789802193642,
,0.03122594958355039,729,,
5,,729,0.015615641139447689,
,0.03189509817670534,739,,
5,,739,0.011636584997177124,
,0.032569019409664945,749,,
5,,749,0.011366551741957664,
,0.03324755330237411,759,,
5,,759,0.01599184423685074,
,0.03393053877979285,769,,
5,,769,0.00748822558671236,
,0.034617813710133366,779,,
5,,779,0.012027258984744549,
,0.0353092149433481,789,,
5,,789,0.009145820513367653,
,0.03600457834985929,799,,
5,,799,0.016758538782596588,
,0.03670373885952129,809,,
5,,809,0.010798006318509579,
5,,815,,0.0348702147603035
,0.03740653050080599,819,,
6,,819,0.01066487468779087,
,0.03811278644020224,829,,
6,,829,0.008701753802597523,
,0.03882233902182009,839,,
6,,839,0.006728675682097673,
,0.03953501980718992,849,,
6,,849,0.025617575272917747,
,0.04025065961524762,859,,
6,,859,0.014375603757798672,
,0.040969088562495926,869,,
6,,869,0.009947733022272587,
,0.041690136103332553,879,,
6,,879,0.007429581601172686,
,0.04241363107053547,889,,
6,,889,0.012478727847337723,
,0.04313940171589573,899,,
6,,899,0.00665151746943593,
,0.04386727575098828,909,,
6,,909,0.00885058380663395,
,0.044597080388070955,919,,
6,,919,0.012847362086176872,
,0.04532864238110199,929,,
6,,929,0.006540675647556782,
,0.04606178806686642,939,,
6,,939,0.008566520176827908,
,0.0467963434062014,949,,
6,,949,0.02752511575818062,
6,,951,,0.03463541343808174
,0.04753213402531082,959,,
7,,959,0.006153790280222893,
,0.048268985257159364,969,,
7,,969,0.011958500370383263,
,0.049006722182936176,979,,
7,,979,0.009740038774907589,
,0.0497451696735783,989,,
7,,989,0.014280072413384914,
,0.05048415243134399,999,,
7,,999,0.01220058836042881,
,0.05122349503142614,1009,,
7,,1009,0.013543338514864445,
,0.05196302196359574,1019,,
7,,1019,0.010447566397488117,
,0.052702557673865835,1029,,
7,,1029,0.01699448935687542,
,0.053441926606165625,1039,,
7,,1039,0.027314500883221626,
,0.054180953244015215,1049,,
7,,1049,0.0016042046481743455,
,0.054919462152190915,1059,,
7,,1059,0.021416455507278442,
,0.05565727801837128,1069,,
7,,1069,0.007987981662154198,
,0.056394225694753906,1079,,
7,,1079,0.010234401561319828,
7,,1087,,0.029354354366660118
,0.0571301302396333,1089,,
8,,1089,0.01147389505058527,
,0.057864816958929664,1099,,
8,,1099,0.008465266786515713,
,0.058598111447659,1109,,
8,,1109,0.006112320814281702,
,0.05932983963133461,1119,,
8,,1119,0.009548160247504711,
,0.06005982780729003,1129,,
8,,1129,0.017482195049524307,
,0.06078790268591379,1139,,
8,,1139,0.012049965560436249,
,0.061513891431786094,1149,,
8,,1149,0.010175974108278751,
,0.062237621704707695,1159,,
8,,1159,0.015563184395432472,
,0.06295892170061115,1169,,
8,,1169,0.015583908185362816,
,0.06367762019234492,1179,,
8,,1179,0.007528708782047033,
,0.0643935465703204,1189,,
8,,1189,0.013227998279035091,
,0.06510653088301235,1199,,
8,,1199,0.026371974498033524,
,0.06581640387730332,1209,,
8,,1209,0.010965133085846901,
,0.06652299703866191,1219,,
8,,1219,0.012133828364312649,
8,,1223,,0.029264291748404503
,0.06722614263114607,1229,,
9,,1229,0.003784047206863761,
,0.0679256737372213,1239,,
9,,1239,0.01596333645284176,
,0.0686214242973848,1249,,
9,,1249,0.011213097721338272,
,0.06931322914958565,1259,,
9,,1259,0.0077507211826741695,
,0.07000092406843231,1269,,
9,,1269,0.008378916420042515,
,0.07068434580417741,1279,,
9,,1279,0.009266846813261509,
,0.0713633321214712,1289,,
9,,1289,0.002414611866697669,
,0.07203772183787399,1299,,
9,,1299,0.006156362127512693,
,0.0727073548621189,1309,,
9,,1309,0.010397762060165405,
,0.07337207223211528,1319,,
9,,1319,0.009853444993495941,
,0.07403171615268428,1329,,
9,,1329,0.009545003063976765,
,0.07468613003301733,1339,,
9,,1339,0.00910760834813118,
,0.0753351585238488,1349,,
9,,1349,0.01308655645698309,
,0.07597864755433385,1359,,
9,,1359,0.01486742403358221,
9,,1359,,0.02764364331960678
,0.07661644436862279,1369,,
10,,1369,0.008293704129755497,
,0.07724839756212336,1379,,
10,,1379,0.012818882241845131,
,0.07787435711744213,1389,,
10,,1389,0.007211112882941961,
,0.07849417443999679,1399,,
10,,1399,0.012623371556401253,
,0.07910770239329037,1409,,
10,,1409,0.014268334954977036,
,0.0797147953338397,1419,,
10,,1419,0.01108058262616396,
,0.08031530914574911,1429,,
10,,1429,0.007244742941111326,
,0.08090910127492174,1439,,
10,,1439,0.005921413656324148,
,0.08149603076289999,1449,,
10,,1449,0.017884744331240654,
,0.08207595828032718,1459,,
10,,1459,0.01952175796031952,
,0.08264874616002256,1469,,
10,,1469,0.006036736071109772,
,0.08321425842966165,1479,,
10,,1479,0.011319603770971298,
,0.08377236084405429,1489,,
10,,1489,0.010735652409493923,
10,,1495,,0.02867005579173565
,0.08432292091701274,1499,,
11,,1499,0.012246930040419102,
,0.08486580795280207,1509,,
11,,1509,0.005879849195480347,
,0.08540089307716571,1519,,
11,,1519,0.004877348896116018,
,0.08592804926791839,1529,,
11,,1529,0.0058068218640983105,
,0.08644715138509969,1539,,
11,,1539,0.0149421077221632,
,0.08695807620068047,1549,,
11,,1549,0.013428868725895882,
,0.0874607024278157,1559,,
11,,1559,0.00794868916273117,
,0.08795491074963631,1569,,
11,,1569,0.01427426002919674,
,0.08844058384757345,1579,,
11,,1579,0.016149546951055527,
,0.08891760642920843,1589,,
11,,1589,0.01343283150345087,
,0.08938586525564153,1599,,
11,,1599,0.0100036496296525,
,0.08984524916837354,1609,,
11,,1609,0.01094344537705183,
,0.09029564911569324,1619,,
11,,1619,0.013912852853536606,
,0.09073695817856489,1629,,
11,,1629,0.011848700232803822,
11,,1631,,0.030526742339134216
,0.09116907159600941,1639,,
12,,1639,0.012174786068499088,
,0.09159188678997321,1649,,
12,,1649,0.00848022848367691,
,0.09200530338967895,1659,,
12,,1659,0.007935182191431522,
,0.09240922325545217,1669,,
12,,1669,0.006466542836278677,
,0.09280355050201841,1679,,
12,,1679,0.010702873580157757,
,0.09318819152126513,1689,,
12,,1689,0.012715975753962994,
,0.09356305500446295,1699,,
12,,1699,0.0137765072286129,
,0.09392805196394129,1709,,
12,,1709,0.010740568861365318,
,0.09428309575421273,1719,,
12,,1719,0.013633426278829575,
,0.09462810209254165,1729,,
12,,1729,0.01854715123772621,
,0.09496298907895169,1739,,
12,,1739,0.016391035169363022,
,0.09528767721566789,1749,,
12,,1749,0.008080756291747093,
,0.09560208942598829,1759,,
12,,1759,0.014181826263666153,
12,,1767,,0.031830739229917526
,0.095906151072581,1769,,
13,,1769,0.018811993300914764,
,0.09619978997520211,1779,,
13,,1779,0.009385190904140472,
,0.0964829364278303,1789,,
13,,1789,0.010765792801976204,
,0.09675552321521419,1799,,
13,,1799,0.014747237786650658,
,0.0970174856288283,1809,,
13,,1809,0.010068617761135101,
,0.09726876148223404,1819,,
13,,1819,0.008875755593180656,
,0.09750929112584196,1829,,
13,,1829,0.017299404367804527,
,0.09773901746107175,1839,,
13,,1839,0.012292273342609406,
,0.0979578859539067,1849,,
13,,1849,0.012038019485771656,
,0.09816584464783941,1859,,
13,,1859,0.009888538159430027,
,0.09836284417620549,1869,,
13,,1869,0.016844648867845535,
,0.09854883777390265,1879,,
13,,1879,0.01164155825972557,
,0.09872378128849206,1889,,
13,,1889,0.01389998383820057,
,0.0988876331906796,1899,,
13,,1899,0.013534841127693653,
13,,1903,,0.03195684775710106
,0.09904035458417433,1909,,
14,,1909,0.008438109420239925,
,0.099181909214922,1919,,
14,,1919,0.0100331399589777,
,0.09931226347971124,1929,,
14,,1929,0.01171488594263792,
,0.09943138643415056,1939,,
14,,1939,0.009596830233931541,
,0.09953924980001416,1949,,
14,,1949,0.01282209437340498,
,0.09963582797195472,1959,,
14,,1959,0.010042238980531693,
,0.09972109802358188,1969,,
14,,1969,0.01437199767678976,
,0.0997950397129046,1979,,
14,,1979,0.01395539939403534,
,0.09985763548713636,1989,,
14,,1989,0.016343383118510246,
,0.09990887048686196,1999,,
14,,1999,0.009293689392507076,
,0.09994873254956496,2009,,
14,,2009,0.008038449101150036,
,0.09997721221251489,2019,,
14,,2019,0.015647605061531067,
,0.09999430271501356,2029,,
14,,2029,0.0046807765029370785,
,0.1,2039,,
14,,2039,0.014205001294612885,
14,,2039,,0.029591599479317665
,0.0999989110134021,2049,,
15,,2049,0.010072756558656693,
,0.09999564410104421,2059,,
15,,2059,0.014366612769663334,
,0.09999019940523188,2069,,
15,,2069,0.010623903945088387,
,0.09998257716313408,2079,,
15,,2079,0.008742550387978554,
,0.09997277770677292,2089,,
15,,2089,0.009749396704137325,
,0.09996080146300916,2099,,
15,,2099,0.011261136271059513,
,0.09994664895352368,2109,,
15,,2109,0.012059086002409458,
,0.09993032079479462,2119,,
15,,2119,0.01296565867960453,
,0.09991181769807071,2129,,
15,,2129,0.01375634130090475,
,0.09989114046934014,2139,,
15,,2139,0.01697068102657795,
,0.0998682900092955,2149,,
15,,2149,0.011402474716305733,
,0.09984326731329456,2159,,
15,,2159,0.008953011594712734,
,0.09981607347131692,2169,,
15,,2169,0.015280387364327908,
15,,2175,,0.035049062222242355
,0.09978670966791647,2179,,
16,,2179,0.014440067112445831,
,0.09975517718216989,2189,,
16,,2189,0.009753724560141563,
,0.09972147738762083,2199,,
16,,2199,0.016568325459957123,
,0.09968561175222017,2209,,
16,,2209,0.011293454095721245,
,0.09964758183826196,2219,,
16,,2219,0.010908321477472782,
,0.09960738930231555,2229,,
16,,2229,0.011641747318208218,
,0.09956503589515321,2239,,
16,,2239,0.005979430861771107,
,0.09952052346167409,2249,,
16,,2249,0.011268571950495243,
,0.09947385394082364,2259,,
16,,2259,0.012935115955770016,
,0.09942502936550932,2269,,
16,,2269,0.007382440380752087,
,0.09937405186251194,2279,,
16,,2279,0.01991654559969902,
,0.09932092365239312,2289,,
16,,2289,0.006661475170403719,
,0.09926564704939843,2299,,
16,,2299,0.004996481817215681,
,0.09920822446135673,2309,,
16,,2309,0.002247158670797944,
16,,2311,,0.04171832278370857
,0.09914865838957516,2319,,
17,,2319,0.004710276611149311,
,0.09908695142873027,2329,,
17,,2329,0.01468285359442234,
,0.09902310626675491,2339,,
17,,2339,0.012590653263032436,
,0.09895712568472126,2349,,
17,,2349,0.013364127837121487,
,0.0988890125567196,2359,,
17,,2359,0.018301580101251602,
,0.09881876984973312,2369,,
17,,2369,0.010328046046197414,
,0.09874640062350874,2379,,
17,,2379,0.006681142374873161,
,0.09867190803042378,2389,,
17,,2389,0.015967708081007004,
,0.09859529531534861,2399,,
17,,2399,0.01172675285488367,
,0.09851656581550539,2409,,
17,,2409,0.009222211316227913,
,0.09843572296032262,2419,,
17,,2419,0.008337996900081635,
,0.09835277027128586,2429,,
17,,2429,0.010508795268833637,
,0.09826771136178421,2439,,
17,,2439,0.009061960503458977,
17,,2447,,0.030565015971660614
,0.09818054993695298,2449,,
18,,2449,0.009270814247429371,
,0.09809128979351232,2459,,
18,,2459,0.010615762323141098,
,0.09799993481960177,2469,,
18,,2469,0.010436211712658405,
,0.09790648899461092,2479,,
18,,2479,0.00785104837268591,
,0.09781095638900612,2489,,
18,,2489,0.0112477270886302,
,0.09771334116415309,2499,,
18,,2499,0.01510606613010168,
,0.0976136475721357,2509,,
18,,2509,0.015366808511316776,
,0.09751187995557074,2519,,
18,,2519,0.009955652989447117,
,0.09740804274741878,2529,,
18,,2529,0.009418952278792858,
,0.09730214047079103,2539,,
18,,2539,0.024682262912392616,
,0.09719417773875232,2549,,
18,,2549,0.010859057307243347,
,0.09708415925412023,2559,,
18,,2559,0.01766793802380562,
,0.0969720898092601,2569,,
18,,2569,0.012416256591677666,
,0.0968579742858764,2579,,
18,,2579,0.011020539328455925,
18,,2583,,0.033389631658792496
,0.09674181765480007,2589,,
19,,2589,0.025836318731307983,
,0.09662362497577191,2599,,
19,,2599,0.008117909543216228,
,0.09650340139722226,2609,,
19,,2609,0.02387615106999874,
,0.09638115215604667,2619,,
19,,2619,0.016001861542463303,
,0.09625688257737788,2629,,
19,,2629,0.012576602399349213,
,0.09613059807435376,2639,,
19,,2639,0.006928807124495506,
,0.09600230414788158,2649,,
19,,2649,0.012702656909823418,
,0.09587200638639831,2659,,
19,,2659,0.016279438510537148,
,0.09573971046562736,2669,,
19,,2669,0.005390120670199394,
,0.09560542214833112,2679,,
19,,2679,0.010965949855744839,
,0.09546914728406011,2689,,
19,,2689,0.007791201118379831,
,0.09533089180889812,2699,,
19,,2699,0.02038392424583435,
,0.09519066174520358,2709,,
19,,2709,0.010787684470415115,
,0.09504846320134738,2719,,
19,,2719,0.016511335968971252,
19,,2719,,0.02854335866868496
,0.0949043023714466,2729,,
20,,2729,0.010629392229020596,
,0.09475818553509485,2739,,
20,,2739,0.009639871306717396,
,0.09461011905708863,2749,,
20,,2749,0.006383152678608894,
,0.09446010938715015,2759,,
20,,2759,0.008697538636624813,
,0.09430816305964636,2769,,
20,,2769,0.023549895733594894,
,0.09415428669330429,2779,,
20,,2779,0.018503274768590927,
,0.0939984869909228,2789,,
20,,2789,0.012058422900736332,
,0.09384077073908054,2799,,
20,,2799,0.01331253256648779,
,0.09368114480784036,2809,,
20,,2809,0.008657150901854038,
,0.09351961615045007,2819,,
20,,2819,0.015917934477329254,
,0.09335619180303954,2829,,
20,,2829,0.011880009435117245,
,0.09319087888431422,2839,,
20,,2839,0.013839825987815857,
,0.09302368459524503,2849,,
20,,2849,0.007853308692574501,
20,,2855,,0.04005954787135124
,0.0928546162187547,2859,,
21,,2859,0.01141643151640892,
,0.09268368111940051,2869,,
21,,2869,0.011491683311760426,
,0.09251088674305356,2879,,
21,,2879,0.008718580938875675,
,0.09233624061657436,2889,,
21,,2889,0.013361360877752304,
,0.09215975034748498,2899,,
21,,2899,0.009399647824466228,
,0.09198142362363769,2909,,
21,,2909,0.0070073483511805534,
,0.09180126821288004,2919,,
21,,2919,0.01580524444580078,
,0.09161929196271652,2929,,
21,,2929,0.009625635109841824,
,0.09143550279996678,2939,,
21,,2939,0.01668659597635269,
,0.0912499087304202,2949,,
21,,2949,0.004735644441097975,
,0.09106251783848733,2959,,
21,,2959,0.013775414787232876,
,0.0908733382868476,2969,,
21,,2969,0.005743945948779583,
,0.09068237831609383,2979,,
21,,2979,0.016721930354833603,
,0.09048964624437324,2989,,
21,,2989,0.01062033511698246,
21,,2991,,0.029904674738645554
,0.09029515046702516,2999,,
22,,2999,0.011174608953297138,
,0.09009889945621524,3009,,
22,,3009,0.010921692475676537,
,0.08990090176056653,3019,,
22,,3019,0.016576427966356277,
,0.08970116600478698,3029,,
22,,3029,0.0153619684278965,
,0.08949970088929385,3039,,
22,,3039,0.01182742603123188,
,0.08929651518983468,3049,,
22,,3049,0.010878404602408409,
,0.089091617757105,3059,,
22,,3059,0.009768106043338776,
,0.08888501751636285,3069,,
22,,3069,0.013315330259501934,
,0.08867672346703996,3079,,
22,,3079,0.006314471829682589,
,0.08846674468234976,3089,,
22,,3089,0.01750245690345764,
,0.0882550903088921,3099,,
22,,3099,0.02273409627377987,
,0.08804176956625491,3109,,
22,,3109,0.00919294822961092,
,0.08782679174661259,3119,,
22,,3119,0.009193934500217438,
22,,3127,,0.033565666526556015
,0.08761016621432112,3129,,
23,,3129,0.007117409259080887,
,0.08739190240551034,3139,,
23,,3139,0.014188955537974834,
,0.08717200982767274,3149,,
23,,3149,0.014846939593553543,
,0.08695049805924951,3159,,
23,,3159,0.017269743606448174,
,0.0867273767492131,3169,,
23,,3169,0.020228415727615356,
,0.086502655616647,3179,,
23,,3179,0.011847008019685745,
,0.08627634445032248,3189,,
23,,3189,0.022293696179986,
,0.08604845310827204,3199,,
23,,3199,0.011563469655811787,
,0.08581899151736008,3209,,
23,,3209,0.01029500924050808,
,0.08558796967285047,3219,,
23,,3219,0.009585048072040081,
,0.08535539763797113,3229,,
23,,3229,0.011194415390491486,
,0.08512128554347581,3239,,
23,,3239,0.01100910920649767,
,0.0848856435872026,3249,,
23,,3249,0.013822176493704319,
,0.08464848203362985,3259,,
23,,3259,0.013391634449362755,
23,,3263,,0.03429538011550903
,0.08440981121342898,3269,,
24,,3269,0.01673777587711811,
,0.08416964152301462,3279,,
24,,3279,0.010149332694709301,
,0.08392798342409155,3289,,
24,,3289,0.009478194639086723,
,0.08368484744319914,3299,,
24,,3299,0.005093168932944536,
,0.0834402441712527,3309,,
24,,3309,0.015563065186142921,
,0.08319418426308227,3319,,
24,,3319,0.014473561197519302,
,0.08294667843696842,3329,,
24,,3329,0.005939910188317299,
,0.08269773747417536,3339,,
24,,3339,0.01059755776077509,
,0.08244737221848135,3349,,
24,,3349,0.0217586737126112,
,0.08219559357570635,3359,,
24,,3359,0.01261018868535757,
,0.08194241251323693,3369,,
24,,3369,0.023712296038866043,
,0.08168784005954857,3379,,
24,,3379,0.008064530789852142,
,0.08143188730372522,3389,,
24,,3389,0.015212376601994038,
,0.0811745653949763,3399,,
24,,3399,0.009136645123362541,
24,,3399,,0.03530077636241913
,0.08091588554215108,3409,,
25,,3409,0.012831423431634903,
,0.08065585901325031,3419,,
25,,3419,0.009379403665661812,
,0.08039449713493553,3429,,
25,,3429,0.014588276855647564,
,0.08013181129203556,3439,,
25,,3439,0.01868412084877491,
,0.07986781292705067,3449,,
25,,3449,0.011016162112355232,
,0.07960251353965411,3459,,
25,,3459,0.007735068444162607,
,0.07933592468619123,3469,,
25,,3469,0.01189271081238985,
,0.07906805797917599,3479,,
25,,3479,0.02423384226858616,
,0.07879892508678524,3489,,
25,,3489,0.012488524429500103,
,0.07852853773235037,3499,,
25,,3499,0.0077742054127156734,
,0.07825690769384672,3509,,
25,,3509,0.009948057122528553,
,0.07798404680338046,3519,,
25,,3519,0.010656245052814484,
,0.07770996694667326,3529,,
25,,3529,0.013519574888050556,
25,,3535,,0.03046300821006298
,0.0774346800625445,3539,,
26,,3539,0.013025857508182526,
,0.07715819814239123,3549,,
26,,3549,0.008451946079730988,
,0.07688053322966587,3559,,
26,,3559,0.010498332791030407,
,0.07660169741935154,3569,,
26,,3569,0.011647640727460384,
,0.07632170285743523,3579,,
26,,3579,0.009585417807102203,
,0.07604056174037874,3589,,
26,,3589,0.012479151599109173,
,0.0757582863145874,3599,,
26,,3599,0.013327701017260551,
,0.07547488887587667,3609,,
26,,3609,0.013316063210368156,
,0.07519038176893636,3619,,
26,,3619,0.012020383961498737,
,0.07490477738679314,3629,,
26,,3629,0.007855189964175224,
,0.07461808817027053,3639,,
26,,3639,0.007631627842783928,
,0.0743303266074471,3649,,
26,,3649,0.010985873639583588,
,0.07404150523311237,3659,,
26,,3659,0.007466983515769243,
,0.07375163662822092,3669,,
26,,3669,0.014767861925065517,
26,,3671,,0.03606302663683891
,0.07346073341934427,3679,,
27,,3679,0.010896312072873116,
,0.07316880827812094,3689,,
27,,3689,0.006166363134980202,
,0.07287587392070446,3699,,
27,,3699,0.012567292898893356,
,0.07258194310720945,3709,,
27,,3709,0.009993660263717175,
,0.07228702864115577,3719,,
27,,3719,0.017335157841444016,
,0.07199114336891084,3729,,
27,,3729,0.017608674243092537,
,0.07169430017913009,3739,,
27,,3739,0.01247420720756054,
,0.07139651200219543,3749,,
27,,3749,0.025300759822130203,
,0.07109779180965209,3759,,
27,,3759,0.010379651561379433,
,0.07079815261364358,3769,,
27,,3769,0.011338716372847557,
,0.07049760746634487,3779,,
27,,3779,0.01398247480392456,
,0.07019616945939378,3789,,
27,,3789,0.019114697352051735,
,0.06989385172332085,3799,,
27,,3799,0.008277811110019684,
27,,3807,,0.035953421145677567
,0.06959066742697728,3809,,
28,,3809,0.01148985419422388,
,0.06928662977696129,3819,,
28,,3819,0.01424006000161171,
,0.06898175201704292,3829,,
28,,3829,0.017045939341187477,
,0.06867604742758705,3839,,
28,,3839,0.005032351706176996,
,0.06836952932497502,3849,,
28,,3849,0.018463825806975365,
,0.06806221106102442,3859,,
28,,3859,0.01811423897743225,
,0.06775410602240763,3869,,
28,,3869,0.014723150990903378,
,0.0674452276300687,3879,,
28,,3879,0.006169998552650213,
,0.06713558933863858,3889,,
28,,3889,0.011078295297920704,
,0.06682520463584922,3899,,
28,,3899,0.02602826990187168,
,0.06651408704194597,3909,,
28,,3909,0.00919512938708067,
,0.06620225010909862,3919,,
28,,3919,0.013387391343712807,
,0.06588970742081117,3929,,
28,,3929,0.01750956103205681,
,0.06557647259133,3939,,
28,,3939,0.007337669841945171,
28,,3943,,0.027212681248784065
,0.06526255926505094,3949,,
29,,3949,0.013714843429625034,
,0.06494798111592488,3959,,
29,,3959,0.008832566440105438,
,0.06463275184686222,3969,,
29,,3969,0.00802513025701046,
,0.06431688518913581,3979,,
29,,3979,0.013372544199228287,
,0.064000394901783,3989,,
29,,3989,0.013609346002340317,
,0.06368329477100614,3999,,
29,,3999,0.01101452112197876,
,0.06336559860957222,4009,,
29,,4009,0.010825336910784245,
,0.06304732025621106,4019,,
29,,4019,0.012931752018630505,
,0.06272847357501259,4029,,
29,,4029,0.010223688557744026,
,0.06240907245482284,4039,,
29,,4039,0.008087116293609142,
,0.062089130808639044,4049,,
29,,4049,0.005742886569350958,
,0.06176866257300354,4059,,
29,,4059,0.015700839459896088,
,0.061447681707396715,4069,,
29,,4069,0.012815839610993862,
,0.06112620219362893,4079,,
29,,4079,0.008615673519670963,
29,,4079,,0.028189459815621376
,0.06080423803523148,4089,,
30,,4089,0.013019412755966187,
,0.06048180325684661,4099,,
30,,4099,0.017148075625300407,
,0.06015891190361656,4109,,
30,,4109,0.012059432454407215,
,0.05983557804057188,4119,,
30,,4119,0.009461437352001667,
,0.05951181575201863,4129,,
30,,4129,0.007492453791201115,
,0.05918763914092496,4139,,
30,,4139,0.009682726114988327,
,0.058863062328306744,4149,,
30,,4149,0.012794985435903072,
,0.05853809945261246,4159,,
30,,4159,0.011644580401480198,
,0.05821276466910742,4169,,
30,,4169,0.010502217337489128,
,0.057887072149257084,4179,,
30,,4179,0.014204280450940132,
,0.05756103608010976,4189,,
30,,4189,0.010250262916088104,
,0.05723467066367862,4199,,
30,,4199,0.00757276825606823,
,0.05690799011632312,4209,,
30,,4209,0.009847467765212059,
30,,4215,,0.02974613569676876
,0.05658100866812971,4219,,
31,,4219,0.010082488879561424,
,0.05625374056229195,4229,,
31,,4229,0.0020661817397922277,
,0.05592620005449011,4239,,
31,,4239,0.004665757063776255,
,0.055598401412270175,4249,,
31,,4249,0.009599116630852222,
,0.05527035891442241,4259,,
31,,4259,0.012513825669884682,
,0.05494208685035931,4269,,
31,,4269,0.00716534536331892,
,0.05461359951949321,4279,,
31,,4279,0.011832931078970432,
,0.054284911230613374,4289,,
31,,4289,0.011007692664861679,
,0.053956036301262736,4299,,
31,,4299,0.010726205073297024,
,0.05362698905711421,4309,,
31,,4309,0.01000188011676073,
,0.05329778383134668,4319,,
31,,4319,0.01078223530203104,
,0.05296843496402068,4329,,
31,,4329,0.012600968591868877,
,0.052638956801453696,4339,,
31,,4339,0.015824338421225548,
,0.05230936369559526,4349,,
31,,4349,0.014314756728708744,
31,,4351,,0.02776677906513214
,0.05197967000340179,4359,,
32,,4359,0.009830769151449203,
,0.05164989008621124,4369,,
32,,4369,0.006041834130883217,
,0.051320038309117466,4379,,
32,,4379,0.009684917517006397,
,0.05099012904034453,4389,,
32,,4389,0.006306086201220751,
,0.05066017665062079,4399,,
32,,4399,0.008895544335246086,
,0.05033019551255295,4409,,
32,,4409,0.016570672392845154,
,0.0500002,4419,,
32,,4419,0.014683110639452934,
,0.04967020448744705,4429,,
32,,4429,0.011846719309687614,
,0.04934022334937922,4439,,
32,,4439,0.010597307235002518,
,0.04901027095965548,4449,,
32,,4449,0.01510591059923172,
,0.04868036169088255,4459,,
32,,4459,0.024034185335040092,
,0.048350509913788774,4469,,
32,,4469,0.026765039190649986,
,0.048020729996598226,4479,,
32,,4479,0.01006566546857357,
32,,4487,,0.030145570635795593
,0.047691036304404764,4489,,
33,,4489,0.017253750935196877,
,0.04736144319854631,4499,,
33,,4499,0.01420515961945057,
,0.04703196503597931,4509,,
33,,4509,0.010569676756858826,
,0.046702616168653316,4519,,
33,,4519,0.022492676973342896,
,0.046373410942885794,4529,,
33,,4529,0.013813174329698086,
,0.04604436369873727,4539,,
33,,4539,0.00966660212725401,
,0.045715488769386636,4549,,
33,,4549,0.013489109463989735,
,0.0453868004805068,4559,,
33,,4559,0.01894184574484825,
,0.0450583131496407,4569,,
33,,4569,0.013523071072995663,
,0.0447300410855776,4579,,
33,,4579,0.005341483745723963,
,0.04440199858772983,4589,,
33,,4589,0.011838286183774471,
,0.04407419994550991,4599,,
33,,4599,0.007902145385742188,
,0.04374665943770807,4609,,
33,,4609,0.01332628820091486,
,0.043419391331870304,4619,,
33,,4619,0.01399933360517025,
33,,4623,,0.038730282336473465
,0.043092409883676894,4629,,
34,,4629,0.005604424513876438,
,0.0427657293363214,4639,,
34,,4639,0.010852637700736523,
,0.04243936391989025,4649,,
34,,4649,0.016127929091453552,
,0.04211332785074291,4659,,
34,,4659,0.019856704398989677,
,0.04178763533089257,4669,,
34,,4669,0.01038049440830946,
,0.04146230054738754,4679,,
34,,4679,0.009169098921120167,
,0.04113733767169327,4689,,
34,,4689,0.015481914393603802,
,0.040812760859075044,4699,,
34,,4699,0.009357023052871227,
,0.04048858424798138,4709,,
34,,4709,0.006827602628618479,
,0.04016482195942813,4719,,
34,,4719,0.015559758991003036,
,0.03984148809638345,4729,,
34,,4729,0.012312748469412327,
,0.03951859674315341,4739,,
34,,4739,0.01680227741599083,
,0.03919616196476853,4749,,
34,,4749,0.012341347523033619,
,0.03887419780637107,4759,,
34,,4759,0.008400876075029373,
34,,4759,,0.039547551423311234
,0.038552718292603295,4769,,
35,,4769,0.010325884446501732,
,0.038231737426996475,4779,,
35,,4779,0.009405921213328838,
,0.03791126919136098,4789,,
35,,4789,0.009949437342584133,
,0.037591327545177175,4799,,
35,,4799,0.012881933711469173,
,0.037271926424987424,4809,,
35,,4809,0.004257442429661751,
,0.03695307974378895,4819,,
35,,4819,0.007424280978739262,
,0.03663480139042779,4829,,
35,,4829,0.011570801958441734,
,0.036317105228993875,4839,,
35,,4839,0.004937371239066124,
,0.03600000509821702,4849,,
35,,4849,0.008008047007024288,
,0.0356835148108642,4859,,
35,,4859,0.018217753618955612,
,0.03536764815313779,4869,,
35,,4869,0.009246870875358582,
,0.03505241888407512,4879,,
35,,4879,0.008441881276667118,
,0.03473784073494907,4889,,
35,,4889,0.01286306232213974,
35,,4895,,0.029229510575532913
,0.034423927408670014,4899,,
36,,4899,0.01098521240055561,
,0.034110692579188834,4909,,
36,,4909,0.010881880298256874,
,0.03379814989090139,4919,,
36,,4919,0.017020832747220993,
,0.03348631295805405,4929,,
36,,4929,0.010092339478433132,
,0.0331751953641508,4939,,
36,,4939,0.008039528504014015,
,0.03286481066136142,4949,,
36,,4949,0.007364927791059017,
,0.03255517236993131,4959,,
36,,4959,0.010781439952552319,
,0.03224629397759236,4969,,
36,,4969,0.007891763001680374,
,0.03193818893897559,4979,,
36,,4979,0.016384204849600792,
,0.03163087067502499,4989,,
36,,4989,0.008940368890762329,
,0.03132435257241294,4999,,
36,,4999,0.014417250640690327,
,0.031018647982957087,5009,,
36,,5009,0.011055530980229378,
,0.030713770223038717,5019,,
36,,5019,0.030543969944119453,
,0.030409732573022735,5029,,
36,,5029,0.017420683056116104,
36,,5031,,0.035397693514823914
,0.03010654827667916,5039,,
37,,5039,0.01441567949950695,
,0.029804230540606234,5049,,
37,,5049,0.01087686326354742,
,0.029502792533655155,5059,,
37,,5059,0.01365616638213396,
,0.02920224738635643,5069,,
37,,5069,0.00824003666639328,
,0.02890260819034792,5079,,
37,,5079,0.013020744547247887,
,0.02860388799780458,5089,,
37,,5089,0.00867587048560381,
,0.028306099820869922,5099,,
37,,5099,0.015369683504104614,
,0.028009256631089153,5109,,
37,,5109,0.00944890733808279,
,0.02771337135884425,5119,,
37,,5119,0.018263930454850197,
,0.027418456892790554,5129,,
37,,5129,0.016168944537639618,
,0.027124526079295545,5139,,
37,,5139,0.006773507688194513,
,0.02683159172187908,5149,,
37,,5149,0.012741767801344395,
,0.026539666580655746,5159,,
37,,5159,0.009927586652338505,
37,,5167,,0.040902335196733475
,0.026248763371779095,5169,,
38,,5169,0.013919989578425884,
,0.025958894766887633,5179,,
38,,5179,0.004095195792615414,
,0.02567007339255291,5189,,
38,,5189,0.024100787937641144,
,0.025382311829729463,5199,,
38,,5199,0.011951110325753689,
,0.025095622613206872,5209,,
38,,5209,0.00664604501798749,
,0.024810018231063664,5219,,
38,,5219,0.012017892673611641,
,0.02452551112412335,5229,,
38,,5229,0.011304367333650589,
,0.024242113685412587,5239,,
38,,5239,0.01519717089831829,
,0.023959838259621273,5249,,
38,,5249,0.009499887004494667,
,0.02367869714256478,5259,,
38,,5259,0.007808503229171038,
,0.023398702580648485,5269,,
38,,5269,0.004529219586402178,
,0.023119866770334133,5279,,
38,,5279,0.016591737046837807,
,0.02284220185760878,5289,,
38,,5289,0.013782464899122715,
,0.022565719937455528,5299,,
38,,5299,0.00909930095076561,
38,,5303,,0.028773872181773186
,0.02229043305332675,5309,,
39,,5309,0.014115359634160995,
,0.022016353196619563,5319,,
39,,5319,0.014375618658959866,
,0.021743492306153293,5329,,
39,,5329,0.025014597922563553,
,0.021471862267649643,5339,,
39,,5339,0.01470403652638197,
,0.021201474913214766,5349,,
39,,5349,0.00909764040261507,
,0.02093234202082402,5359,,
39,,5359,0.01009383238852024,
,0.020664475313808793,5369,,
39,,5369,0.006376033648848534,
,0.020397886460345894,5379,,
39,,5379,0.01963351108133793,
,0.020132587072949338,5389,,
39,,5389,0.014658871106803417,
,0.019868588707964464,5399,,
39,,5399,0.008759836666285992,
,0.019605902865064487,5409,,
39,,5409,0.009452841244637966,
,0.0193445409867497,5419,,
39,,5419,0.014314034022390842,
,0.019084514457848922,5429,,
39,,5429,0.022700384259223938,
,0.0188258346050237,5439,,
39,,5439,0.008253507316112518,
39,,5439,,0.028509605675935745
,0.01856851269627478,5449,,
40,,5449,0.008048024028539658,
,0.018312559940451438,5459,,
40,,5459,0.015429030172526836,
,0.01805798748676308,5469,,
40,,5469,0.01230725646018982,
,0.01780480642429365,5479,,
40,,5479,0.007158736232668161,
,0.017553027781518668,5489,,
40,,5489,0.009085012599825859,
,0.017302662525824655,5499,,
40,,5499,0.011274157091975212,
,0.01705372156303161,5509,,
40,,5509,0.008459831587970257,
,0.016806215736917752,5519,,
40,,5519,0.0142302131280303,
,0.016560155828747314,5529,,
40,,5529,0.015780825167894363,
,0.01631555255680087,5539,,
40,,5539,0.01587924174964428,
,0.01607241657590845,5549,,
40,,5549,0.014420927502214909,
,0.015830758476985375,5559,,
40,,5559,0.006191399414092302,
,0.015590588786571017,5569,,
40,,5569,0.013835534453392029,
40,,5575,,0.029558749869465828
,0.015351917966370168,5579,,
41,,5579,0.007313206326216459,
,0.015114756412797416,5589,,
41,,5589,0.005998114123940468,
,0.014879114456524189,5599,,
41,,5599,0.013718830421566963,
,0.014645002362028864,5609,,
41,,5609,0.007557881996035576,
,0.014412430327149558,5619,,
41,,5619,0.013781480491161346,
,0.014181408482639934,5629,,
41,,5629,0.010466126725077629,
,0.01395194689172798,5639,,
41,,5639,0.02034400962293148,
,0.013724055549677526,5649,,
41,,5649,0.014073685742914677,
,0.01349774438335301,5659,,
41,,5659,0.02042425237596035,
,0.013273023250786919,5669,,
41,,5669,0.015541224740445614,
,0.013049901940750496,5679,,
41,,5679,0.008254495449364185,
,0.012828390172327248,5689,,
41,,5689,0.010284755378961563,
,0.012608497594489664,5699,,
41,,5699,0.024221550673246384,
,0.01239023378567888,5709,,
41,,5709,0.014274855144321918,
41,,5711,,0.027075542137026787
,0.012173608253387426,5719,,
42,,5719,0.0096496706828475,
,0.01195863043374508,5729,,
42,,5729,0.01252592820674181,
,0.011745309691107915,5739,,
42,,5739,0.006274950224906206,
,0.01153365531765025,5749,,
42,,5749,0.016406912356615067,
,0.01132367653296004,5759,,
42,,5759,0.01107697281986475,
,0.011115382483637158,5769,,
42,,5769,0.006219253409653902,
,0.010908782242895003,5779,,
42,,5779,0.008444360457360744,
,0.010703884810165336,5789,,
42,,5789,0.01731540448963642,
,0.010500699110706157,5799,,
42,,5799,0.012407312169671059,
,0.01029923399521304,5809,,
42,,5809,0.008972282521426678,
,0.010099498239433482,5819,,
42,,5819,0.0071214428171515465,
,0.009901500543784768,5829,,
42,,5829,0.004414721857756376,
,0.009705249532974847,5839,,
42,,5839,0.0224460382014513,
42,,5847,,0.02805539406836033
,0.00951075375562675,5849,,
43,,5849,0.010489015839993954,
,0.009318021683906172,5859,,
43,,5859,0.01828514225780964,
,0.00912706171315241,5869,,
43,,5869,0.007230016402900219,
,0.008937882161512672,5879,,
43,,5879,0.014851669780910015,
,0.00875049126957981,5889,,
43,,5889,0.012385078705847263,
,0.008564897200033237,5899,,
43,,5899,0.0029269573278725147,
,0.008381108037283485,5909,,
43,,5909,0.010833876207470894,
,0.008199131787119973,5919,,
43,,5919,0.00971989706158638,
,0.008018976376362319,5929,,
43,,5929,0.016011888161301613,
,0.007840649652515023,5939,,
43,,5939,0.0111329834908247,
,0.0076641593834256404,5949,,
43,,5949,0.01077729370445013,
,0.007489513256946447,5959,,
43,,5959,0.025006789714097977,
,0.007316718880599497,5969,,
43,,5969,0.01016860269010067,
,0.00714578378124532,5979,,
43,,5979,0.014372765086591244,
43,,5983,,0.028066199272871017
,0.006976715404754974,5989,,
44,,5989,0.01139102317392826,
,0.006809521115685773,5999,,
44,,5999,0.0054498156532645226,
,0.006644208196960456,6009,,
44,,6009,0.014243259094655514,
,0.006480783849549944,6019,,
44,,6019,0.014288048259913921,
,0.0063192551921596556,6029,,
44,,6029,0.013260312378406525,
,0.006159629260919478,6039,,
44,,6039,0.009009601548314095,
,0.006001913009077206,6049,,
44,,6049,0.01242346316576004,
,0.005846113306695715,6059,,
44,,6059,0.009667320176959038,
,0.005692236940353643,6069,,
44,,6069,0.010400946252048016,
,0.005540290612849854,6079,,
44,,6079,0.0073818061500787735,
,0.005390280942911383,6089,,
44,,6089,0.01021655648946762,
,0.00524221446490516,6099,,
44,,6099,0.010232971981167793,
,0.005096097628553409,6109,,
44,,6109,0.005457018036395311,
,0.004951936798652629,6119,,
44,,6119,0.009193064644932747,
44,,6119,,0.027091732248663902
,0.004809738254796428,6129,,
45,,6129,0.010594135150313377,
,0.004669508191101904,6139,,
45,,6139,0.014014572836458683,
,0.0045312527159399,6149,,
45,,6149,0.011317265219986439,
,0.004394977851668893,6159,,
45,,6159,0.005525513086467981,
,0.004260689534372647,6169,,
45,,6169,0.017796562984585762,
,0.004128393613601688,6179,,
45,,6179,0.006434679497033358,
,0.003998095852118441,6189,,
45,,6189,0.007388846483081579,
,0.0038698019256462424,6199,,
45,,6199,0.00917869620025158,
,0.0037435174226221244,6209,,
45,,6209,0.00814295094460249,
,0.003619247843953333,6219,,
45,,6219,0.010825436562299728,
,0.003496998602777753,6229,,
45,,6229,0.023803019896149635,
,0.003376775024228096,6239,,
45,,6239,0.006134921219199896,
,0.0032585823451999315,6249,,
45,,6249,0.010092632845044136,
45,,6255,,0.030056996271014214
,0.003142425714123603,6259,,
46,,6259,0.013594270683825016,
,0.0030283101907399163,6269,,
46,,6269,0.016049180179834366,
,0.0029162407458797838,6279,,
46,,6279,0.00948874931782484,
,0.002806222261247683,6289,,
46,,6289,0.004407222848385572,
,0.002698259529208983,6299,,
46,,6299,0.00976760033518076,
,0.0025923572525812255,6309,,
46,,6309,0.014044413343071938,
,0.0024885200444292634,6319,,
46,,6319,0.021118847653269768,
,0.0023867524278643132,6329,,
46,,6329,0.007817590609192848,
,0.0022870588358469227,6339,,
46,,6339,0.00804579071700573,
,0.0021894436109938845,6349,,
46,,6349,0.005666116252541542,
,0.002093911005389084,6359,,
46,,6359,0.006144816987216473,
,0.002000465180398236,6369,,
46,,6369,0.012767172418534756,
,0.0019091102064876825,6379,,
46,,6379,0.004878718871623278,
,0.0018198500630470158,6389,,
46,,6389,0.006039222702383995,
46,,6391,,0.028796128928661346
,0.0017326886382157984,6399,,
47,,6399,0.008774899877607822,
,0.0016476297287141525,6409,,
47,,6409,0.0121935298666358,
,0.0015646770396773888,6419,,
47,,6419,0.009148943237960339,
,0.0014838341844946297,6429,,
47,,6429,0.011727717705070972,
,0.001405104684651404,6439,,
47,,6439,0.018300211057066917,
,0.0013284919695762292,6449,,
47,,6449,0.010628637857735157,
,0.0012539993764912555,6459,,
47,,6459,0.015949951484799385,
,0.0011816301502668766,6469,,
47,,6469,0.010076973587274551,
,0.0011113874432804151,6479,,
47,,6479,0.007654545828700066,
,0.0010432743152787507,6489,,
47,,6489,0.01899457536637783,
,0.0009772937332451035,6499,,
47,,6499,0.013048315420746803,
,0.000913448571269756,6509,,
47,,6509,0.00986513588577509,
,0.0008517416104248475,6519,,
47,,6519,0.014111396856606007,
47,,6527,,0.02770310640335083
,0.0007921755386432831,6529,,
48,,6529,0.01577952317893505,
,0.0007347529506015768,6539,,
48,,6539,0.01649663783609867,
,0.0006794763476068991,6549,,
48,,6549,0.009696701541543007,
,0.0006263481374880751,6559,,
48,,6559,0.010316465049982071,
,0.000575370634490702,6569,,
48,,6569,0.009723049588501453,
,0.0005265460591763696,6579,,
48,,6579,0.012051003985106945,
,0.0004798765383259209,6589,,
48,,6589,0.015459848567843437,
,0.0004353641048467824,6599,,
48,,6599,0.013768784701824188,
,0.00039301069768446283,6609,,
48,,6609,0.010798911564052105,
,0.00035281816173804355,6619,,
48,,6619,0.009361757896840572,
,0.0003147882477798485,6629,,
48,,6629,0.012679973617196083,
,0.00027892261237917224,6639,,
48,,6639,0.013099274598062038,
,0.00024522281783011577,6649,,
48,,6649,0.013422077521681786,
,0.00021369033208353566,6659,,
48,,6659,0.012747020460665226,
48,,6663,,0.028434840962290764
,0.0001843265286830899,6669,,
49,,6669,0.005894185975193977,
,0.00015713268670544716,6679,,
49,,6679,0.013067674823105335,
,0.0001321099907045092,6689,,
49,,6689,0.012652670964598656,
,0.00010925953065986919,6699,,
49,,6699,0.013519813306629658,
,8.85823019292943e-05,6709,,
49,,6709,0.01174148079007864,
,7.007920520538267e-05,6719,,
49,,6719,0.008097502402961254,
,5.375104647633949e-05,6729,,
49,,6729,0.01152891293168068,
,3.959853699084411e-05,6739,,
49,,6739,0.013820157386362553,
,2.7622293227097105e-05,6749,,
49,,6749,0.011285297572612762,
,1.7822836865930842e-05,6759,,
49,,6759,0.00629774946719408,
,1.0200594768133221e-05,6769,,
49,,6769,0.005162577610462904,
,4.755898955801567e-06,6779,,
49,,6779,0.015407895669341087,
,1.4889865979153388e-06,6789,,
49,,6789,0.005816061981022358,
,4e-07,6799,,
49,,6799,0.005320571828633547,
49,,6799,,0.02828923426568508
